<?xml version="1.0" encoding="UTF-8"?>
<project-private xmlns="http://www.netbeans.org/ns/project-private/1">
    <editor-bookmarks xmlns="http://www.netbeans.org/ns/editor-bookmarks/2" lastBookmarkId="0"/>
    <open-files xmlns="http://www.netbeans.org/ns/projectui-open-files/2">
        <group>
            <file>file:/C:/Users/lucas.estienne/Documents/gitprojs/algonquin/CST8218_2020/assignments/assignment-1/SpriteLucas/nbproject/build-impl.xml</file>
            <file>file:/C:/Users/lucas.estienne/Documents/gitprojs/algonquin/CST8218_2020/assignments/assignment-1/SpriteLucas/src/conf/MANIFEST.MF</file>
        </group>
    </open-files>
</project-private>
