<?xml version="1.0" encoding="UTF-8"?>
<project-private xmlns="http://www.netbeans.org/ns/project-private/1">
    <editor-bookmarks xmlns="http://www.netbeans.org/ns/editor-bookmarks/2" lastBookmarkId="0"/>
    <open-files xmlns="http://www.netbeans.org/ns/projectui-open-files/2">
        <group>
            <file>file:/C:/Users/lucas.estienne/Documents/gitprojs/algonquin/CST8218_2020/assignments/assignment-1/SpriteLucas/SpriteLucas-ejb/src/java/cst8218/esti0011/entity/AbstractFacade.java</file>
            <file>file:/C:/Users/lucas.estienne/Documents/gitprojs/algonquin/CST8218_2020/assignments/assignment-1/SpriteLucas/SpriteLucas-ejb/src/java/cst8218/esti0011/entity/Sprite.java</file>
            <file>file:/C:/Users/lucas.estienne/Documents/gitprojs/algonquin/CST8218_2020/assignments/assignment-1/SpriteLucas/SpriteLucas-ejb/src/java/cst8218/esti0011/game/SpriteSession.java</file>
            <file>file:/C:/Users/lucas.estienne/Documents/gitprojs/algonquin/CST8218_2020/assignments/assignment-1/SpriteLucas/SpriteLucas-ejb/src/java/cst8218/esti0011/util/JsfUtil.java</file>
            <file>file:/C:/Users/lucas.estienne/Documents/gitprojs/algonquin/CST8218_2020/assignments/assignment-1/SpriteLucas/SpriteLucas-ejb/src/java/cst8218/esti0011/util/PaginationHelper.java</file>
            <file>file:/C:/Users/lucas.estienne/Documents/gitprojs/algonquin/CST8218_2020/assignments/assignment-1/SpriteLucas/SpriteLucas-ejb/src/java/cst8218/esti0011/game/SpriteSessionRemote.java</file>
            <file>file:/C:/Users/lucas.estienne/Documents/gitprojs/algonquin/CST8218_2020/assignments/assignment-1/SpriteLucas/SpriteLucas-ejb/src/java/cst8218/esti0011/game/SpriteGame.java</file>
            <file>file:/C:/Users/lucas.estienne/Documents/gitprojs/algonquin/CST8218_2020/assignments/assignment-1/SpriteLucas/SpriteLucas-ejb/src/conf/persistence.xml</file>
            <file>file:/C:/Users/lucas.estienne/Documents/gitprojs/algonquin/CST8218_2020/assignments/assignment-1/SpriteLucas/SpriteLucas-ejb/src/java/cst8218/esti0011/util/ColorConverter.java</file>
            <file>file:/C:/Users/lucas.estienne/Documents/gitprojs/algonquin/CST8218_2020/assignments/assignment-1/SpriteLucas/SpriteLucas-ejb/src/conf/MANIFEST.MF</file>
            <file>file:/C:/Users/lucas.estienne/Documents/gitprojs/algonquin/CST8218_2020/assignments/assignment-1/SpriteLucas/SpriteLucas-ejb/src/java/cst8218/esti0011/entity/SpriteFacade.java</file>
            <file>file:/C:/Users/lucas.estienne/Documents/gitprojs/algonquin/CST8218_2020/assignments/assignment-1/SpriteLucas/SpriteLucas-ejb/src/java/cst8218/esti0011/util/ColorValidator.java</file>
            <file>file:/C:/Users/lucas.estienne/Documents/gitprojs/algonquin/CST8218_2020/assignments/assignment-1/SpriteLucas/SpriteLucas-ejb/src/java/cst8218/esti0011/web/SpriteController.java</file>
            <file>file:/C:/Users/lucas.estienne/Documents/gitprojs/algonquin/CST8218_2020/assignments/assignment-1/SpriteLucas/SpriteLucas-ejb/src/java/cst8218/esti0011/service/SpriteFacadeREST.java</file>
            <file>file:/C:/Users/lucas.estienne/Documents/gitprojs/algonquin/CST8218_2020/assignments/assignment-1/SpriteLucas/SpriteLucas-ejb/src/java/cst8218/esti0011/service/AbstractFacade.java</file>
            <file>file:/C:/Users/lucas.estienne/Documents/gitprojs/algonquin/CST8218_2020/assignments/assignment-1/SpriteLucas/SpriteLucas-ejb/src/java/cst8218/esti0011/service/JAXRSConfiguration.java</file>
        </group>
    </open-files>
</project-private>
