<?xml version="1.0" encoding="UTF-8"?>
<project-private xmlns="http://www.netbeans.org/ns/project-private/1">
    <editor-bookmarks xmlns="http://www.netbeans.org/ns/editor-bookmarks/2" lastBookmarkId="0"/>
    <open-files xmlns="http://www.netbeans.org/ns/projectui-open-files/2">
        <group>
            <file>file:/C:/Users/lucas.estienne/Documents/gitprojs/algonquin/CST8218_2020/assignments/assignment-1/SpriteLucas/SpriteLucas-war/src/conf/MANIFEST.MF</file>
            <file>file:/C:/Users/lucas.estienne/Documents/gitprojs/algonquin/CST8218_2020/assignments/assignment-1/SpriteLucas/SpriteLucas-war/web/index.xhtml</file>
            <file>file:/C:/Users/lucas.estienne/Documents/gitprojs/algonquin/CST8218_2020/assignments/assignment-1/SpriteLucas/SpriteLucas-war/web/WEB-INF/web.xml</file>
            <file>file:/C:/Users/lucas.estienne/Documents/gitprojs/algonquin/CST8218_2020/assignments/assignment-1/SpriteLucas/SpriteLucas-war/web/sprite/Edit.xhtml</file>
            <file>file:/C:/Users/lucas.estienne/Documents/gitprojs/algonquin/CST8218_2020/assignments/assignment-1/SpriteLucas/SpriteLucas-war/web/sprite/List.xhtml</file>
            <file>file:/C:/Users/lucas.estienne/Documents/gitprojs/algonquin/CST8218_2020/assignments/assignment-1/SpriteLucas/SpriteLucas-war/web/WEB-INF/faces-config.xml</file>
            <file>file:/C:/Users/lucas.estienne/Documents/gitprojs/algonquin/CST8218_2020/assignments/assignment-1/SpriteLucas/SpriteLucas-war/web/sprite/Create.xhtml</file>
            <file>file:/C:/Users/lucas.estienne/Documents/gitprojs/algonquin/CST8218_2020/assignments/assignment-1/SpriteLucas/SpriteLucas-war/web/sprite/View.xhtml</file>
            <file>file:/C:/Users/lucas.estienne/Documents/gitprojs/algonquin/CST8218_2020/assignments/assignment-1/SpriteLucas/SpriteLucas-war/web/template.xhtml</file>
        </group>
    </open-files>
</project-private>
